Wrestler,Other Names,ID,Cagematch,Link,Name,Total,1970,1971,1972,1973,1974,1980,1981
Terry Funk,"Chainsaw Charlie, Texan",terryfunk1,https://www.cagematch.net/?id=2&nr=501,1,1,31,0,0,1,0,0,15,15
Jim Breaks,,jimbreaks1,https://www.cagematch.net/?id=2&nr=3098,1,1,31,0,0,10,5,1,10,5
Mark Rocco,"Rollerball Rocco, Black Tiger",markrocco1,https://www.cagematch.net/?id=2&nr=1466,1,1,25,0,0,0,0,0,10,15
Andre the Giant,"Andre el Gigante, Andre Roussimoff, Andre The Giant Frenchman, Giant Machine, Jean Ferre, Monster Eiffel Tower, Monster Roussimoff, Polish Giant",andrethegiant1,https://www.cagematch.net/?id=2&nr=926,1,1,21,0,0,1,0,0,5,15
Sgt. Slaughter,Super Destroyer Mark II,sgtslaughter1,https://www.cagematch.net/?id=2&nr=587,1,1,16,0,0,0,0,0,1,15
Nick Bockwinkel,"Nick Bock, Dick Warren, Sensational White Phantom, Phantom, Roy Diamond",nickbockwinkel1,https://www.cagematch.net/?id=2&nr=1263,1,1,15,0,0,0,0,0,10,5
Bill Dundee,Sir William,billdundee1,https://www.cagematch.net/?id=2&nr=857,1,1,15,0,0,0,0,0,5,10
Larry Zbyszko,,larryzbyszko1,https://www.cagematch.net/?id=2&nr=373,1,1,15,0,0,0,0,0,15,0
Rick Martel,Pat Kelly,rickmartel1,https://www.cagematch.net/?id=2&nr=1010,1,1,15,0,0,0,0,0,5,10
Steve Grey,,stevegrey1,https://www.cagematch.net/?id=2&nr=2289,1,1,15,0,0,0,0,0,5,10
Jon Cortez,Jimmy James,joncortez1,https://www.cagematch.net/?id=2&nr=24023,1,1,12,0,1,0,1,0,5,5
Billy Robinson,,billyrobinson1,https://www.cagematch.net/?id=2&nr=4336,1,1,12,0,0,0,1,1,5,5
Stan Hansen,,stanhansen1,https://www.cagematch.net/?id=2&nr=440,1,1,11,0,0,0,0,0,1,10
Greg Valentine,"Baby Face Nelson, Blue Knight, Johnny Fargo, Johnny Valentine, Johnny Valentine Fargo, Johnny Valentine Jr., Hiroshima Joe",gregvalentine1,https://www.cagematch.net/?id=2&nr=104,1,1,11,0,0,0,0,0,1,10
Jerry Lawler,"Hawaiian Flash, Masked Superstar #2",jerrylawler1,https://www.cagematch.net/?id=2&nr=937,1,1,11,0,0,0,0,1,0,10
Le Petit Prince,,lepetitprince1,https://www.wrestlingdata.com/index.php?befehl=bios&wrestler=11085,1,1,11,0,5,0,1,5,0,0
Jack Brisco,,jackbrisco1,https://www.cagematch.net/?id=2&nr=843,1,1,11,0,5,1,0,5,0,0
Buddy Rose,,buddyrose1,https://www.cagematch.net/?id=2&nr=1240,1,1,10,0,0,0,0,0,5,5
Bruno Sammartino,,brunosammartino1,https://www.cagematch.net/?id=2&nr=243,1,1,10,0,0,0,0,0,10,0
Jackie Sato,,jackiesato1,https://www.cagematch.net/?id=2&nr=3202,1,1,10,0,0,0,0,0,5,5
Adrian Adonis,Keith Franks,adrianadonis1,https://www.cagematch.net/?id=2&nr=1495,1,1,10,0,0,0,0,0,0,10
Tully Blanchard,,tullyblanchard1,https://www.cagematch.net/?id=2&nr=378,1,1,10,0,0,0,0,0,0,10
Antonio Inoki,"Kamikaze, Kanji Inoki, Tokyo Tom, Kinji Onoki, Little Tokyo, Kazimoto",antonioinoki1,https://www.cagematch.net/?id=2&nr=1096,1,1,8,1,0,0,0,5,1,1
Vic Faulkner,,vicfaulkner1,https://www.cagematch.net/?id=2&nr=22909,1,1,7,0,0,1,0,1,5,0
Tatsumi Fujinami,,tatsumifujinami1,https://www.cagematch.net/?id=2&nr=90,1,1,6,0,0,0,0,0,5,1
Jose Gonzalez,"Don Gonzalez, Jo Gonzalez",josegonzalez1,,0,1,6,0,0,5,1,0,0,0
Johnny Saint,,johnnysaint1,https://www.cagematch.net/?id=2&nr=4531,1,1,6,0,0,0,1,0,5,0
Abdullah the Butcher,"Kuroi Jujutsushi, Zelis Amara, Zeras Amala, Great Amara",abdullahthebutcher1,https://www.cagematch.net/?id=2&nr=23,1,1,6,0,0,0,0,0,5,1
Jim Brunzell,,jimbrunzell1,https://www.cagematch.net/?id=2&nr=851,1,1,6,0,0,0,0,0,1,5
Dynamite Kid,Tommy Billington,dynamitekid1,https://www.cagematch.net/?id=2&nr=1021,1,1,6,0,0,0,0,0,5,1
Mami Kumano,,mamikumano1,https://www.cagematch.net/?id=2&nr=22541,1,1,6,0,0,0,0,0,5,1
Gran Hamada,,granhamada1,https://www.cagematch.net/?id=2&nr=910,1,1,6,0,0,0,0,0,5,1
Kengo Kimura,,kengokimura1,https://www.cagematch.net/?id=2&nr=1442,1,1,6,0,0,0,0,0,5,1
Devil Masami,"Madama Devil, Super Heel Devil Masami, Shizuka Minami, Tenjin Masami",devilmasami1,https://www.cagematch.net/?id=2&nr=1810,1,1,6,0,0,0,0,0,1,5
Les Kellett,,leskellett1,https://www.cagematch.net/?id=2&nr=3123,1,1,6,0,0,1,0,5,0,0
Seiji Sakaguchi,,seijisakaguchi1,https://www.cagematch.net/?id=2&nr=5067,1,1,6,0,1,0,0,5,0,0
Ken Patera,,kenpatera1,https://www.cagematch.net/?id=2&nr=281,1,1,5,0,0,0,0,0,5,0
Pat Patterson,"Lord Patrick Patterson, Lord Patrick, Pat Andrews",patpatterson1,https://www.cagematch.net/?id=2&nr=423,1,1,5,0,0,0,0,0,0,5
Marty Jones,,martyjones1,https://www.cagematch.net/?id=2&nr=1465,1,1,5,0,0,0,0,0,0,5
Ricky Steamboat,"Dragon, Sam Steamboat Jr., Richard Blood, Dick Blood",rickysteamboat1,https://www.cagematch.net/?id=2&nr=743,1,1,5,0,0,0,0,0,5,0
Babe Face,Baby Face,babeface1,https://www.cagematch.net/?id=2&nr=4755,1,1,5,0,0,0,0,0,5,0
Tommy Rich,"Thomas Rich, Tommy Richardson, Mr. R",tommyrich1,https://www.cagematch.net/?id=2&nr=289,1,1,5,0,0,0,0,0,0,5
Dory Funk Jr.,"Hoss Funk, Masked Outlaw",doryfunkjr1,https://www.cagematch.net/?id=2&nr=181,1,1,3,0,1,1,0,0,0,1
Jumbo Tsuruta,"Tomomi Tsuruta, Tommy Tsuruta, Tommi Tsuruta, Mr. Tsuruta",jumbotsuruta1,https://www.cagematch.net/?id=2&nr=593,1,1,3,0,0,0,0,1,1,1
Zoltan Boscik,,zoltanboscik1,https://www.cagematch.net/?id=2&nr=9746,1,1,3,0,1,1,0,1,0,0
Bobby Barnes,,bobbybarnes1,https://www.cagematch.net/?id=2&nr=7671,1,1,2,0,0,0,0,0,1,1
Jaguar Yokota,Rimi Yokota,jaguaryokota1,https://www.cagematch.net/?id=2&nr=2514,1,1,2,0,0,0,0,0,1,1
Walter Bordes,,walterbordes1,,0,1,2,0,1,0,1,0,0,0
Mick McMichael,,mickmcmichael1,https://www.cagematch.net/?id=2&nr=4971,1,1,2,0,0,1,0,0,1,0
Adrian Street,"Kid Tarzan Jonathan, Hell's Angel #1",adrianstreet1,https://www.cagematch.net/?id=2&nr=1043,1,1,2,0,0,1,1,0,0,0
Roddy Piper,"Ronnie Piper, Masked Canadian, Super Scorpion",roddypiper1,https://www.cagematch.net/?id=2&nr=51,1,1,2,0,0,0,0,0,1,1
Guy Renault,,guyrenault1,,0,1,2,0,1,1,0,0,0,0
Ashura Hara,,ashurahara1,https://www.cagematch.net/?id=2&nr=3618,1,1,2,0,0,0,0,0,1,1
Keith Haward,Pete Heywood,keithhaward1,https://www.cagematch.net/?id=2&nr=13879,1,1,2,0,0,0,0,0,1,1
Ric Flair,,ricflair1,https://www.cagematch.net/?id=2&nr=1091,1,1,2,0,0,0,0,0,1,1
Giant Baba,"Ishope Baba, Shohei Baba",giantbaba1,https://www.cagematch.net/?id=2&nr=272,1,1,2,0,0,1,0,1,0,0
Verne Gagne,,vernegagne1,https://www.cagematch.net/?id=2&nr=1133,1,1,2,0,0,0,0,1,1,0
Bob Backlund,,bobbacklund1,https://www.cagematch.net/?id=2&nr=959,1,1,1,0,0,0,0,0,0,1
Jay Youngblood,"Renegade, Silver Streak, Steve Romero",jayyoungblood1,https://www.cagematch.net/?id=2&nr=3120,1,1,1,0,0,0,0,0,1,0
Guy Mercier,,guymercier1,,0,1,1,1,0,0,0,0,0,0
Mighty Inoue,"Sueo Inoue, Enzo Inoue",mightyinoue1,https://www.cagematch.net/?id=2&nr=4185,1,1,1,0,0,0,0,0,1,0
Gilbert LeDuc,,gilbertleduc1,https://www.cagematch.net/?id=2&nr=21226,1,1,1,0,0,0,1,0,0,0
Animal Hamaguchi,Higo Hamaguchi,animalhamaguchi1,https://www.cagematch.net/?id=2&nr=381,1,1,1,0,0,0,0,0,0,1
Steve Keirn,,stevekeirn1,https://www.cagematch.net/?id=2&nr=247,1,1,1,0,0,0,0,0,0,1
Bert Mychel,,bertmychel1,https://www.cagematch.net/?id=2&nr=24595,1,1,1,0,0,0,1,0,0,0
Destroyer,"Dr. X, Dick Beyer, Original Destroyer, Super-Destroyer, Bruce Marshall, Shadow",destroyer1,https://www.cagematch.net/?id=2&nr=2208,1,1,1,0,0,0,1,0,0,0
Jacky Corn,Jacques Lageat,jackycorn1,https://www.cagematch.net/?id=2&nr=23180,1,1,1,0,0,0,1,0,0,0
Mil Mascaras,Ricardo Duran,milmascaras1,https://www.cagematch.net/?id=2&nr=126,1,1,1,0,0,0,1,0,0,0
Alan Sergeant,Alan Sargeant,alansergeant1,https://www.cagematch.net/?id=2&nr=24499,1,1,1,0,0,0,1,0,0,0
Red Bastien,Texas Red,redbastien1,https://www.cagematch.net/?id=2&nr=2522,1,1,1,0,0,0,1,0,0,0
Chris Adams,Masked Avenger,chrisadams1,https://www.cagematch.net/?id=2&nr=165,1,1,1,0,0,0,0,0,0,1
Gino Hernandez,,ginohernandez1,https://www.cagematch.net/?id=2&nr=1910,1,1,1,0,0,0,0,0,0,1
Jerry Blackwell,"Crusher Blackwell, Canadian Bumblebee, Man Mountain Blackwell, Bruiser Blackwell, Mr. Big",jerryblackwell1,https://www.cagematch.net/?id=2&nr=3037,1,1,1,0,0,0,0,0,0,1
Jimmy Snuka,"Big Snuka, Great Snuka, Jimmy Kealoha, Lani Kealoha, Tami Snuka",jimmysnuka1,https://www.cagematch.net/?id=2&nr=461,1,1,1,0,0,0,0,0,0,1
Masa Saito,"Mr. Saito, Masanori Saito, Assassin #3, Pirate",masasaito1,https://www.cagematch.net/?id=2&nr=2867,1,1,1,0,0,0,0,0,0,1
Mr. Fuji,"Mr. Fujiwara, Harry Fujiwara, Masa Fujiwara, Great Fuji, Shintaro Fuji",mrfuji1,https://www.cagematch.net/?id=2&nr=1070,1,1,1,0,0,0,0,0,0,1
Billy Catanzaro,,billycatanzaro1,https://www.wrestlingdata.com/index.php?befehl=bios&wrestler=20579,1,1,1,0,0,1,0,0,0,0
Brian Maxine,,brianmaxine1,https://www.cagematch.net/?id=2&nr=5578,1,1,1,0,0,1,0,0,0,0
Jeff Kaye,Jeff Kay,jeffkaye1,https://www.cagematch.net/?id=2&nr=8180,1,1,1,0,0,1,0,0,0,0
Michel Saulnier,,michelsaulnier1,https://www.cagematch.net/?id=2&nr=24542,1,1,1,0,0,1,0,0,0,0
King Krow,Dan Kroffat,kingkrow1,https://www.cagematch.net/?id=2&nr=6353,1,1,1,0,0,1,0,0,0,0
Claude Gessat,,claudegessat1,,0,1,1,0,1,0,0,0,0,0
Dave Larsen,"Batman, Zarak, White Angel, Red Devil, Steve McCormack, Steve Taylor",davelarsen1,https://www.cagematch.net/?id=2&nr=23538,1,1,1,1,0,0,0,0,0,0
Dick Slater,,dickslater1,https://www.cagematch.net/?id=2&nr=1304,1,1,1,0,0,0,0,0,1,0
Fritz von Erich,"Tetsu No Tsume, Jack Adkisson",fritzvonerich1,https://www.cagematch.net/?id=2&nr=686,1,1,1,0,1,0,0,0,0,0
Gene Kiniski,"Crimson Knight II, Gene Kelly, Blue Destroyer, Mighty Canadian, Big Thunder, Masked Marauder #2",genekiniski1,https://www.cagematch.net/?id=2&nr=471,1,1,1,1,0,0,0,0,0,0
Kantaro Hoshino,,kantarohoshino1,https://www.cagematch.net/?id=2&nr=1432,1,1,1,0,0,0,0,0,1,0
Lucy Kayama,,lucykayama1,https://www.cagematch.net/?id=2&nr=22436,1,1,1,0,0,0,0,0,1,0
Marcel Manneveau,,marcelmanneveau1,,0,1,1,0,1,0,0,0,0,0
Pete Roberts,Super Destroyer,peteroberts1,https://www.cagematch.net/?id=2&nr=8632,1,1,1,0,0,0,0,0,1,0
Axel Dieter,,axeldieter1,https://www.cagematch.net/?id=2&nr=2389,1,1,1,0,0,0,0,0,1,0
Davey Boy Smith,Young David,daveyboysmith1,https://www.cagematch.net/?id=2&nr=862,1,1,1,0,0,0,0,0,1,0
Mal Sanders,,malsanders1,https://www.cagematch.net/?id=2&nr=4543,1,1,1,0,0,0,0,0,1,0
Moose Morowski,"Stan Mykietowich, Mike Monroe, Black Avenger, Avenger, Dr. Death, Stan The Moose, Mike Murlaski, Mike Pulaski, Mike Murlowski, Stan Morowski",moosemorowski1,https://www.cagematch.net/?id=2&nr=10887,1,1,1,0,0,0,0,0,1,0
Pedro Morales,"Johnny Como, John Kilonis",pedromorales1,https://www.cagematch.net/?id=2&nr=929,1,1,1,0,0,0,0,0,1,0
Pete Lapaque,,petelapaque1,,0,1,1,0,0,0,0,0,1,0
Ron Starr,,ronstarr1,https://www.cagematch.net/?id=2&nr=2493,1,1,1,0,0,0,0,0,1,0
Wendi Richter,,wendirichter1,https://www.cagematch.net/?id=2&nr=275,1,1,1,0,0,0,0,0,1,0
Austin Idol,"Dennis McCord, Mike McCord, Black Diamond, Super Texa",austinidol1,https://www.cagematch.net/?id=2&nr=1306,1,1,1,0,0,0,0,0,0,1
Chris Colt,"Christopher Colt, Chris von Colt, American Dream Machine, Chuck Dupree, Chuck Harris, Don Juan The Magnificent, Jim Dillinger, Maurice Chevier, Magnificent Chevier, Paul Dupree, Hell's Angel",chriscolt1,https://www.cagematch.net/?id=2&nr=3246,1,1,1,0,0,0,0,0,0,1
Dutch Mantell,"Dutch Mantell, Texas Dirt, Wayne Cowan, Uncle Zebekiah, Zebekiah, Zeb Colter, Chris Gallagher, Dutch Bass",dutchmantell1,https://www.cagematch.net/?id=2&nr=283,1,1,1,0,0,0,0,0,0,1
Genichiro Tenryu,"Tenryu, Tenryu Shimata, Hayabusa, Rising Sun #1, Genichiro Shimada",genichirotenryu1,https://www.cagematch.net/?id=2&nr=748,1,1,1,0,0,0,0,0,0,1
Kim Duk,"Kim Tok, Tiger Chung Lee, Masanori Toguchi, Tiger Toguchi, Ultra Seven, Yamato, Ao Oni",kimduk1,https://www.cagematch.net/?id=2&nr=4268,1,1,1,0,0,0,0,0,0,1
King Ben,"Benjamin Boothman, Benny King",kingben1,https://www.wrestlingdata.com/index.php?befehl=bios&wrestler=6229,1,1,1,0,0,0,0,0,0,1
Mike Graham,Port Tampa Terror,mikegraham1,https://www.cagematch.net/?id=2&nr=188,1,1,1,0,0,0,0,0,0,1
Negro Navarro,"El Chupacabras, Ultimo Vampiro",negronavarro1,https://www.cagematch.net/?id=2&nr=2262,1,1,1,0,0,0,0,0,0,1
Stan Lane,,stanlane1,https://www.cagematch.net/?id=2&nr=947,1,1,1,0,0,0,0,0,0,1
Tony Garea,,tonygarea1,https://www.cagematch.net/?id=2&nr=2512,1,1,1,0,0,0,0,0,0,1
Yoshiaki Yatsu,"Yoshi Yatsu, Tola Yatsu, Tora Yatsu, Great Yatsu, Akiyoshi Tsuya",yoshiakiyatsu1,https://www.cagematch.net/?id=2&nr=1140,1,1,1,0,0,0,0,0,0,1
Daniel Noced,,danielnoced1,,0,1,1,0,0,0,0,1,0,0
Strong Kobayashi,"Shozo Kobayashi, Korean Assassin, Fukumen Taro",strongkobayashi1,https://www.cagematch.net/?id=2&nr=950,1,1,1,0,0,0,0,1,0,0
Alain Mitchell,,alainmitchell1,,0,1,1,0,0,0,0,1,0,0
Leon Fortuna,Young Sullivan,leonfortuna1,https://www.cagematch.net/?id=2&nr=24010,1,1,1,0,0,0,0,1,0,0
Tiger Mask,Satoru Sayama/Sammy Lee,tigermask1,https://www.cagematch.net/?id=2&nr=130,1,1,0,0,0,0,0,0,0,0
Nancy Kumi,,nancykumi1,https://www.cagematch.net/?id=2&nr=8028,1,1,0,0,0,0,0,0,0,0
Bruiser Brody,"Frank Brody, Frank Goodish, King Kong Brody, Red River Jack",bruiserbrody1,https://www.cagematch.net/?id=2&nr=786,1,1,0,0,0,0,0,0,0,0
Clive Myers,Iron Fist,clivemyers1,https://www.cagematch.net/?id=2&nr=2375,1,1,0,0,0,0,0,0,0,0
Dick Murdoch,"Black Ace, Invader, Man Of The Hour, Ron Carson, Texan, Masked Tornado, Rebel",dickmurdoch1,https://www.cagematch.net/?id=2&nr=2050,1,1,0,0,0,0,0,0,0,0
Greg Gagne,,greggagne1,https://www.cagematch.net/?id=2&nr=1426,1,1,0,0,0,0,0,0,0,0
Kevin Sullivan,"Taskmaster, Johnny West, Kevin Caldwell, Lucifer, Wizard, Korean Assassin",kevinsullivan1,https://www.cagematch.net/?id=2&nr=698,1,1,0,0,0,0,0,0,0,0
Mimi Hagiwara,,mimihagiwara1,https://www.cagematch.net/?id=2&nr=7712,1,1,0,0,0,0,0,0,0,0
Bobby Genele,,bobbygenele1,,0,1,0,0,0,0,0,0,0,0
Bobby Heenan,,bobbyheenan1,https://www.cagematch.net/?id=2&nr=770,1,1,0,0,0,0,0,0,0,0
Bushwhacker Butch,,bushwhackerbutch1,https://www.cagematch.net/?id=2&nr=1032,1,1,0,0,0,0,0,0,0,0
Bushwhacker Luke,,bushwhackerluke1,https://www.cagematch.net/?id=2&nr=88,1,1,0,0,0,0,0,0,0,0
Chavo Guerrero,"Chavo Guerrero Classic, Chavo Guerrero Sr., Gory Guerrero Jr., Original Mr. Mexico",chavoguerrero1,https://www.cagematch.net/?id=2&nr=819,1,1,0,0,0,0,0,0,0,0
Col. DeBeers,Ed Wiskoski,coldebeers1,https://www.cagematch.net/?id=2&nr=1646,1,1,0,0,0,0,0,0,0,0
Ivan Putski,,ivanputski1,https://www.cagematch.net/?id=2&nr=327,1,1,0,0,0,0,0,0,0,0
John Quinn,,johnquinn1,https://www.cagematch.net/?id=2&nr=6261,1,1,0,0,0,0,0,0,0,0
Pat Roach,Lord Patrick Roach,patroach1,https://www.cagematch.net/?id=2&nr=2994,1,1,0,0,0,0,0,0,0,0
Wahoo McDaniel,,wahoomcdaniel1,https://www.cagematch.net/?id=2&nr=17,1,1,0,0,0,0,0,0,0,0
Yumi Ikeshita,,yumiikeshita1,https://www.cagematch.net/?id=2&nr=21280,1,1,0,0,0,0,0,0,0,0
Terry Rudge,,terryrudge1,https://www.cagematch.net/?id=2&nr=9722,1,1,0,0,0,0,0,0,0,0
Steve Veidor,"Kurtz Veidor, Hermann Veidor, Steve Bell, Steve Veidor Bell",steveveidor1,https://www.cagematch.net/?id=2&nr=12008,1,1,0,0,0,0,0,0,0,0
Adnan Al-Kassie,"Sheik Adnan Al-Kassie, Adnan Kassie, Billy White Wolf, Sheik Of Sheiks Of Baghdad, Gen. Adnan",adnanalkassie1,https://www.cagematch.net/?id=2&nr=1268,1,1,0,0,0,0,0,0,0,0
Afa,,afa1,https://www.cagematch.net/?id=2&nr=861,1,1,0,0,0,0,0,0,0,0
Al Costello,,alcostello1,https://www.cagematch.net/?id=2&nr=953,1,1,0,0,0,0,0,0,0,0
Alan Dennison,,alandennison1,https://www.cagematch.net/?id=2&nr=7601,1,1,0,0,0,0,0,0,0,0
Alan Kilby,,alankilby1,https://www.cagematch.net/?id=2&nr=5608,1,1,0,0,0,0,0,0,0,0
Albert Sanniez,,albertsanniez1,,0,1,0,0,0,0,0,0,0,0
Alexis Smirnoff,"Alexi Smirnoff, Cecil DuBois, Michel DuBois, Mike DuBois",alexissmirnoff1,https://www.cagematch.net/?id=2&nr=4183,1,1,0,0,0,0,0,0,0,0
Alfonso Dantes,,alfonsodantes1,https://www.cagematch.net/?id=2&nr=4488,1,1,0,0,0,0,0,0,0,0
Ali Mustafa,,alimustafa1,,0,1,0,0,0,0,0,0,0,0
Andre Drapp,Lion Of Lorraine,andredrapp1,https://www.cagematch.net/?id=2&nr=11170,1,1,0,0,0,0,0,0,0,0
Angela Mosca,"Angelo Mosca Sr., King Kong Mosca",angelamosca1,https://www.cagematch.net/?id=2&nr=1247,1,1,0,0,0,0,0,0,0,0
Angelito,,angelito1,,0,1,0,0,0,0,0,0,0,0
Angus Campbell,"Jon Campbell, Wild Angus, Black Angus, Rasputin",anguscampbell1,https://www.cagematch.net/?id=2&nr=3564,1,1,0,0,0,0,0,0,0,0
Anibal,Carlos Carrillo,anibal1,https://www.cagematch.net/?id=2&nr=6350,1,1,0,0,0,0,0,0,0,0
Anton Tejero,Antonio Tejero,antontejero1,,0,1,0,0,0,0,0,0,0,0
Antonio Montoro,,antoniomontoro1,https://www.cagematch.net/?id=2&nr=1109,1,1,0,0,0,0,0,0,0,0
Art Barr,,artbarr1,https://www.cagematch.net/?id=2&nr=599,1,1,0,0,0,0,0,0,0,0
Art Crews,,artcrews1,https://www.cagematch.net/?id=2&nr=5617,1,1,0,0,0,0,0,0,0,0
Atsushi Onita,"Great Nita, Mr. Onita",atsushionita1,https://www.cagematch.net/?id=2&nr=34,1,1,0,0,0,0,0,0,0,0
Bad News Allen,"Bad News Brown, Allen Coage, Buffalo Allen Coage, Buffalo Allen, Buffalo Coage",badnewsallen1,https://www.cagematch.net/?id=2&nr=528,1,1,0,0,0,0,0,0,0,0
Banger Walsh,,bangerwalsh1,,0,1,0,0,0,0,0,0,0,0
Barry Windham,,barrywindham1,https://www.cagematch.net/?id=2&nr=699,1,1,0,0,0,0,0,0,0,0
Bello Greco,El Greco,bellogreco1,https://www.cagematch.net/?id=2&nr=6667,1,1,0,0,0,0,0,0,0,0
Ben Justice,"Jerry Mai, Jerry Mayburg",benjustice1,https://www.cagematch.net/?id=2&nr=18386,1,1,0,0,0,0,0,0,0,0
Bert Royal,Bert Faulkner,bertroyal1,https://www.cagematch.net/?id=2&nr=22849,1,1,0,0,0,0,0,0,0,0
Bertha Faye,Monster Ripper,berthafaye1,https://www.cagematch.net/?id=2&nr=808,1,1,0,0,0,0,0,0,0,0
Betty Clarke,Betty Clark,bettyclarke1,https://www.cagematch.net/?id=2&nr=8948,1,1,0,0,0,0,0,0,0,0
Big Daddy,"Shirley Crabtree, Battling Guardsman, Blond Adonis, Mr. Universe",bigdaddy1,https://www.cagematch.net/?id=2&nr=218,1,1,0,0,0,0,0,0,0,0
Big John Studd,,bigjohnstudd1,https://www.cagematch.net/?id=2&nr=310,1,1,0,0,0,0,0,0,0,0
Bill Dromo,"Bill Zbyszko, Super Destroyer, Invader",billdromo1,https://www.cagematch.net/?id=2&nr=6791,1,1,0,0,0,0,0,0,0,0
Bill Eadie,"Demolition Ax, Ax, Ax Demolition, Axis The Demolisher, Masked Superstar, Superstar, Masked Destroyer, Masked Superstar #1, Bolo, Bolo Mongol, Super Machine, International Superstar, Billy Crusher",billeadie1,https://www.cagematch.net/?id=2&nr=806,1,1,0,0,0,0,0,0,0,0
Bill White,"Red Devil #2, Scorpion, Blue Demon, Destroyer",billwhite1,https://www.cagematch.net/?id=2&nr=11837,1,1,0,0,0,0,0,0,0,0
Billy the Kid,,billythekid1,https://www.cagematch.net/?id=2&nr=5401,1,1,0,0,0,0,0,0,0,0
Billy Whitecloud,"Billy White Cloud, Pedro Columbo, Chief White Cloud",billywhitecloud1,https://www.cagematch.net/?id=2&nr=3873,1,1,0,0,0,0,0,0,0,0
Black Cat,"Kuroneko, Paifu",blackcat1,https://www.cagematch.net/?id=2&nr=2507,1,1,0,0,0,0,0,0,0,0
Black Shadow,,blackshadow1,,0,1,0,0,0,0,0,0,0,0
Blackjack Mulligan,"Jack Mulligan, Blackjack Mulligan Sr., Big Machine, Bob Windham, Texan, Mr. Texas",blackjackmulligan1,https://www.cagematch.net/?id=2&nr=325,1,1,0,0,0,0,0,0,0,0
Bob Anthony,,bobanthony1,https://www.cagematch.net/?id=2&nr=23111,1,1,0,0,0,0,0,0,0,0
Bob Boucher,Fidel Cortez,bobboucher1,https://www.cagematch.net/?id=2&nr=16413,1,1,0,0,0,0,0,0,0,0
Bob Boyer,Bobby Bold Eagle,bobboyer1,https://www.cagematch.net/?id=2&nr=10810,1,1,0,0,0,0,0,0,0,0
Bob Orton,,boborton1,https://www.cagematch.net/?id=2&nr=454,1,1,0,0,0,0,0,0,0,0
Bob Remy,,bobremy1,,0,1,0,0,0,0,0,0,0,0
Bob Roop,"Gladiator, Maha Singh, Maya Singh",bobroop1,https://www.cagematch.net/?id=2&nr=1449,1,1,0,0,0,0,0,0,0,0
Bobby Duncum,,bobbyduncum1,https://www.cagematch.net/?id=2&nr=1341,1,1,0,0,0,0,0,0,0,0
Bobby Eaton,,bobbyeaton1,https://www.cagematch.net/?id=2&nr=1101,1,1,0,0,0,0,0,0,0,0
Bobby Lee,"Gallo Tapado II, Gallo del Bajio, Masked Hurricane, Impacto",bobbylee1,https://www.cagematch.net/?id=2&nr=10811,1,1,0,0,0,0,0,0,0,0
Bobby Ryan,,bobbyryan1,https://www.wrestlingdata.com/index.php?befehl=bios&wrestler=19047,1,1,0,0,0,0,0,0,0,0
Brazo de Oro,"El Brazo de Oro, El Hombre del Brazo de Or",brazodeoro1,https://www.cagematch.net/?id=2&nr=2585,1,1,0,0,0,0,0,0,0,0
Brazo de Plata,"El Brazo de Plata, Super Porky, Elvis Porky",brazodeplata1,https://www.cagematch.net/?id=2&nr=2586,1,1,0,0,0,0,0,0,0,0
Bret Hart,Buddy Hart,brethart1,https://www.cagematch.net/?id=2&nr=565,1,1,0,0,0,0,0,0,0,0
Brett Sawyer,"Brett Wayne Sawyer, Brett Wayne, Bubblegum Kid",brettsawyer1,https://www.cagematch.net/?id=2&nr=5170,1,1,0,0,0,0,0,0,0,0
Bruno Asquini,,brunoasquini1,,0,1,0,0,0,0,0,0,0,0
Buck Robley,"Buckley Christopher George Robley III, Col. Buck Robley, Phil Robley",buckrobley1,https://www.cagematch.net/?id=2&nr=4763,1,1,0,0,0,0,0,0,0,0
Buddy Roberts,"Buddy Smith, Dale Roberts, Dale Valentine, Dale Hayes, Rebel",buddyroberts1,https://www.cagematch.net/?id=2&nr=2574,1,1,0,0,0,0,0,0,0,0
Buddy Wolfe,,buddywolfe1,https://www.cagematch.net/?id=2&nr=5024,1,1,0,0,0,0,0,0,0,0
Bulldog Brower,,bulldogbrower1,https://www.cagematch.net/?id=2&nr=3011,1,1,0,0,0,0,0,0,0,0
Butch Reed,"Bruce Reed, Doom #2",butchreed1,https://www.cagematch.net/?id=2&nr=785,1,1,0,0,0,0,0,0,0,0
Buzz Sawyer,,buzzsawyer1,https://www.cagematch.net/?id=2&nr=2682,1,1,0,0,0,0,0,0,0,0
Carl Fergie,Mr. Wrestling,carlfergie1,https://www.cagematch.net/?id=2&nr=5890,1,1,0,0,0,0,0,0,0,0
Carlos Colon,"Carlos Belafonte, Chief Black Feather, Prince Kahulia, Chief Black Eagle",carloscolon1,https://www.cagematch.net/?id=2&nr=148,1,1,0,0,0,0,0,0,0,0
Carlos Plata,,carlosplata1,https://www.cagematch.net/?id=2&nr=13828,1,1,0,0,0,0,0,0,0,0
Caswell Martin,,caswellmartin1,https://www.cagematch.net/?id=2&nr=9187,1,1,0,0,0,0,0,0,0,0
Catweazle,,catweazle1,,0,1,0,0,0,0,0,0,0,0
Cesar Leoni,Jean Mailhot,cesarleoni1,,0,1,0,0,0,0,0,0,0,0
Chabela Romero,,chabelaromero1,https://www.cagematch.net/?id=2&nr=4762,1,1,0,0,0,0,0,0,0,0
Charlie Fulton,USSR,charliefulton1,https://www.cagematch.net/?id=2&nr=4181,1,1,0,0,0,0,0,0,0,0
Charly Verhulst,"Charles Verhulst, Johnny Londos, Allan La Foudre, Jan Verhulst",charlyverhulst1,https://www.cagematch.net/?id=2&nr=3046,1,1,0,0,0,0,0,0,0,0
Chigusa Nagayo,Zero,chigusanagayo1,https://www.cagematch.net/?id=2&nr=1803,1,1,0,0,0,0,0,0,0,0
Chino Sato,,chinosato1,https://www.cagematch.net/?id=2&nr=21253,1,1,0,0,0,0,0,0,0,0
Cien Caras,Mil Caras/Sanson,ciencaras1,https://www.cagematch.net/?id=2&nr=4712,1,1,0,0,0,0,0,0,0,0
Cowboy Lang,,cowboylang1,https://www.cagematch.net/?id=2&nr=2575,1,1,0,0,0,0,0,0,0,0
Crusher Verdu,"Bull Verdu, Crusher Verdu, Der Henker, Killer Verdu, Oscar Verdu, Ric Ferraro",crusherverdu1,https://www.wrestlingdata.com/index.php?befehl=bios&wrestler=2511,1,1,0,0,0,0,0,0,0,0
Cuban Assassin,"Cuban Assassin #1, Assassin, Cuban Terrorist, Terrorist, Hitman, Destroyer, David Sierra, Dave Sierra, Fidel Sierra, Fidel Cubano, El Cubano, Saint, Top Gun, Top Gun #1, Top Gun Assassin, El Boricua, David Patterson, Bruce Patterson, Dave Patterson, El Diablo",cubanassassin1,https://www.cagematch.net/?id=2&nr=96,1,1,0,0,0,0,0,0,0,0
Curtis Iaukea,"King Curtis, King Iaukea, King Curtis Iaukea, Prince Curtis Iaukea, Prince Iaukea, Chairman Of The Board, Master, Wizard, Prince Kuhio",curtisiaukea1,https://www.cagematch.net/?id=2&nr=1302,1,1,0,0,0,0,0,0,0,0
Dalibar Singh,"Tiger Dalibar Singh, Dal Singh",dalibarsingh1,https://www.cagematch.net/?id=2&nr=14118,1,1,0,0,0,0,0,0,0,0
Danny Davis,"American Eagle, American Eagle #2, American Eagle II, Galaxian, Galaxian I, Nightmare #1, Nightmare, Jaguar",dannydavis1,https://www.cagematch.net/?id=2&nr=782,1,1,0,0,0,0,0,0,0,0
Dave Bond,,davebond1,,0,1,0,0,0,0,0,0,0,0
David Schultz,,davidschultz1,https://www.cagematch.net/?id=2&nr=4166,1,1,0,0,0,0,0,0,0,0
David von Erich,,davidvonerich1,https://www.cagematch.net/?id=2&nr=453,1,1,0,0,0,0,0,0,0,0
Dennis Condrey,Danny Condrey,denniscondrey1,https://www.cagematch.net/?id=2&nr=755,1,1,0,0,0,0,0,0,0,0
Dick the Bruiser,,dickthebruiser1,https://www.cagematch.net/?id=2&nr=1149,1,1,0,0,0,0,0,0,0,0
Dino Bravo,,dinobravo1,https://www.cagematch.net/?id=2&nr=318,1,1,0,0,0,0,0,0,0,0
Dominic DeNucci,"Dominic Bravo, Dominic Nucciarone, Don DeNucci, Black Death, Masked Marvel",dominicdenucci1,https://www.cagematch.net/?id=2&nr=1418,1,1,0,0,0,0,0,0,0,0
Don Diamond,,dondiamond1,https://www.cagematch.net/?id=2&nr=16627,1,1,0,0,0,0,0,0,0,0
Don Kent,"Doug Kent, Ray Kent, Joe Smith, Super Medico #3",donkent1,https://www.cagematch.net/?id=2&nr=3274,1,1,0,0,0,0,0,0,0,0
Don Muraco,"Magnificent Muraco, Aka Oni, Don Morro",donmuraco1,https://www.cagematch.net/?id=2&nr=95,1,1,0,0,0,0,0,0,0,0
Dos Caras,,doscaras1,https://www.cagematch.net/?id=2&nr=586,1,1,0,0,0,0,0,0,0,0
Doug Somers,,dougsomers1,https://www.cagematch.net/?id=2&nr=3326,1,1,0,0,0,0,0,0,0,0
Dr. Wagner,,drwagner1,https://www.cagematch.net/?id=2&nr=1314,1,1,0,0,0,0,0,0,0,0
Dream Machine,"Troy Graham, Troy T. Tylor, Coach",dreammachine1,https://www.cagematch.net/?id=2&nr=2944,1,1,0,0,0,0,0,0,0,0
Dump Matsumoto,Kaoru Matsumoto,dumpmatsumoto1,https://www.cagematch.net/?id=2&nr=7177,1,1,0,0,0,0,0,0,0,0
Dusty Rhodes,"Dusty Runnels, Midnight Rider, Uvalde Slim",dustyrhodes1,https://www.cagematch.net/?id=2&nr=495,1,1,0,0,0,0,0,0,0,0
Dutch Savage,,dutchsavage1,https://www.cagematch.net/?id=2&nr=6788,1,1,0,0,0,0,0,0,0,0
Ed White,Moondog King,edwhite1,https://www.cagematch.net/?id=2&nr=1237,1,1,0,0,0,0,0,0,0,0
Eddie Gilbert,"Tommy Gilbert Jr., Boogie Man, Jason The Terrible",eddiegilbert1,https://www.cagematch.net/?id=2&nr=141,1,1,0,0,0,0,0,0,0,0
El Canek,"Canek, El Universitario, Principe Azul",elcanek1,https://www.cagematch.net/?id=2&nr=3714,1,1,0,0,0,0,0,0,0,0
El Cobarde,,elcobarde1,https://www.cagematch.net/?id=2&nr=4839,1,1,0,0,0,0,0,0,0,0
El Doberman,,eldoberman1,https://www.cagematch.net/?id=2&nr=12451,1,1,0,0,0,0,0,0,0,0
El Signo,Piromaniaco,elsigno1,https://www.cagematch.net/?id=2&nr=2422,1,1,0,0,0,0,0,0,0,0
El Solitario,"El Hijo del Santo, El Zica, El Zica II, Othon Banzica II",elsolitario1,https://www.cagematch.net/?id=2&nr=3322,1,1,0,0,0,0,0,0,0,0
Ernie Ladd,,ernieladd1,https://www.cagematch.net/?id=2&nr=1139,1,1,0,0,0,0,0,0,0,0
Finlay,"Belfast Bruiser, Dave Finlay, David Finlay, Fit Finlay, Young Apollo",finlay1,https://www.cagematch.net/en?id=2&nr=154,1,1,0,0,0,0,0,0,0,0
Fishman,,fishman1,https://www.cagematch.net/?id=2&nr=1275,1,1,0,0,0,0,0,0,0,0
Francis Louis,,francislouis1,,0,1,0,0,0,0,0,0,0,0
Frank Dusek,,frankdusek1,https://www.cagematch.net/?id=2&nr=2541,1,1,0,0,0,0,0,0,0,0
Frank Valois,"Francois Valois, Masked Marvel",frankvalois1,https://www.cagematch.net/?id=2&nr=2418,1,1,0,0,0,0,0,0,0,0
Gabriel Calderon,"Gaby Calderon, Gabriel Calderon-Vasseur, Jose Calderon, Professor Calderon, Jose Calderon-Chaudron, Prof. Adiwasser, Professor Adiwasser, Adi Wasseur, Professor Attewaza",gabrielcalderon1,https://www.cagematch.net/?id=2&nr=3855,1,1,0,0,0,0,0,0,0,0
Gamelo Diablo II,Twin Devil 2,gamelodiabloii1,https://www.cagematch.net/?id=2&nr=10957,1,1,0,0,0,0,0,0,0,0
Gary Young,,garyyoung1,https://www.cagematch.net/?id=2&nr=5795,1,1,0,0,0,0,0,0,0,0
Gass Doukhan,,gassdoukhan1,,0,1,0,0,0,0,0,0,0,0
George Harris,"Two Ton Harris, Baby Blimp, Baby Blimp Harris, Young Blimp, Blimp, Bunk Harris",georgeharris1,https://www.cagematch.net/?id=2&nr=3069,1,1,0,0,0,0,0,0,0,0
George Steele,"Student, Jim Steele",georgesteele1,https://www.cagematch.net/?id=2&nr=840,1,1,0,0,0,0,0,0,0,0
George Takano,"Cobra, Mr. X",georgetakano1,https://www.cagematch.net/?id=2&nr=1274,1,1,0,0,0,0,0,0,0,0
Giant Haystacks,"Giant Haystaks, Giant Luke Haystacks, Loch Ness, Loch Ness Monster, Luke McMasters",gianthaystacks1,https://www.cagematch.net/?id=2&nr=329,1,1,0,0,0,0,0,0,0,0
Gilbert Bernaert,,gilbertbernaert1,,0,1,0,0,0,0,0,0,0,0
Gilbert Cesca,Gil Cesca,gilbertcesca1,https://www.cagematch.net/en?id=2&nr=23163,1,1,0,0,0,0,0,0,0,0
Gilbert Lemagourou,,gilbertlemagourou1,,0,1,0,0,0,0,0,0,0,0
Golden Falcon #1,,goldenfalcon1,,0,1,0,0,0,0,0,0,0,0
Golden Falcon #2,,goldenfalcon2,,0,1,0,0,0,0,0,0,0,0
Gorilla Monsoon,"Gino Marella, Bob Marella, Gino Bob Marella, Manchurian Giant",gorillamonsoon1,https://www.cagematch.net/?id=2&nr=383,1,1,0,0,0,0,0,0,0,0
Goro Tsurumi,,gorotsurumi1,https://www.cagematch.net/?id=2&nr=4180,1,1,0,0,0,0,0,0,0,0
Gran Markus,,granmarkus1,https://www.cagematch.net/?id=2&nr=7841,1,1,0,0,0,0,0,0,0,0
Great Kabuki,"Kabuki, Mr. Sato, Devil Sato, Yoshino Sato, Akihisa Takachiho, Professor Takachiho, Takachiho, Hito Tojo, Mr. Kiyomoto",greatkabuki1,https://www.cagematch.net/?id=2&nr=1445,1,1,0,0,0,0,0,0,0,0
Great Kojika,,greatkojika1,https://www.cagematch.net/?id=2&nr=4147,1,1,0,0,0,0,0,0,0,0
Great Mephisto,"Mephisto, Frankie Cain, Inferno #1, Mr. Smith, El Diablo",greatmephisto1,https://www.cagematch.net/?id=2&nr=2448,1,1,0,0,0,0,0,0,0,0
Gypsy Joe,"Gene Madrid, Jean Madrid, El Grande Pistolero, Aztec Joe, Blue Inferno #1, Inferno I, Chief Tuna, Pepe Figurero",gypsyjoe1,https://www.cagematch.net/?id=2&nr=1559,1,1,0,0,0,0,0,0,0,0
Haku,Prince Tonga,haku1,https://www.cagematch.net/?id=2&nr=694,1,1,0,0,0,0,0,0,0,0
Hangman,"Jean Louie, Le Bourreau, Neil Guay, Towering Inferno, Super Destroyer, Super Destroyer Mark III, Jean Pierre LaSalle, Big John The Quebec Lumberjack",hangman1,https://www.cagematch.net/?id=2&nr=5422,1,1,0,0,0,0,0,0,0,0
Harley Race,,harleyrace1,https://www.cagematch.net/?id=2&nr=341,1,1,0,0,0,0,0,0,0,0
Haruka Eigen,,harukaeigen1,https://www.cagematch.net/?id=2&nr=557,1,1,0,0,0,0,0,0,0,0
Hercules Ayala,"Crusher Ayala, Ruben Ayala, Wild Bull Ayala, Hercules Cortez",herculesayala1,https://www.cagematch.net/?id=2&nr=6126,1,1,0,0,0,0,0,0,0,0
Herodes,El Boricua,herodes1,https://www.cagematch.net/?id=2&nr=7530,1,1,0,0,0,0,0,0,0,0
Hiroe Ito,Wild Kazuki/Tarantula,hiroeito1,https://www.cagematch.net/?id=2&nr=22478,1,1,0,0,0,0,0,0,0,0
Hiroko Komine,,hirokokomine1,,0,1,0,0,0,0,0,0,0,0
Hitomi Okumura,,hitomiokumura1,,0,1,0,0,0,0,0,0,0,0
Honey Boy Zimba,Nigel the Warrior,honeyboyzimba1,https://www.cagematch.net/?id=2&nr=24064,1,1,0,0,0,0,0,0,0,0
Honky Tonk Man,Wayne Ferris,honkytonkman1,https://www.cagematch.net/?id=2&nr=156,1,1,0,0,0,0,0,0,0,0
Hulk Hogan,,hulkhogan1,https://www.cagematch.net/?id=2&nr=504,1,1,0,0,0,0,0,0,0,0
Ian Gilmour,"Mark Question, Kung Fu, Kamakazi, Kamikaze",iangilmour1,https://www.cagematch.net/?id=2&nr=25207,1,1,0,0,0,0,0,0,0,0
Iceman King Parsons,"Iceman Parsons, King Parsons, Ice",icemankingparsons1,https://www.cagematch.net/?id=2&nr=2499,1,1,0,0,0,0,0,0,0,0
Inca Wiracocha,"Pedro Wiracocha, Inca Viracocha",incawiracocha1,https://www.cagematch.net/?id=2&nr=8170,1,1,0,0,0,0,0,0,0,0
Irma Aguilar,,irmaaguilar1,https://www.cagematch.net/?id=2&nr=7711,1,1,0,0,0,0,0,0,0,0
Iron Sheik,Hussein Arab,ironsheik1,https://www.cagematch.net/?id=2&nr=858,1,1,0,0,0,0,0,0,0,0
Isamu Teranishi,,isamuteranishi1,https://www.cagematch.net/?id=2&nr=4578,1,1,0,0,0,0,0,0,0,0
Ivan Koloff,"Jim Parris, Orwell Parris, Red McNulty",ivankoloff1,https://www.cagematch.net/?id=2&nr=687,1,1,0,0,0,0,0,0,0,0
Jackie Pallo,,jackiepallo1,https://www.cagematch.net/?id=2&nr=3287,1,1,0,0,0,0,0,0,0,0
Jackie Robinson,,jackierobinson1,,0,1,0,0,0,0,0,0,0,0
Jackie Turpin,,jackieturpin1,,0,1,0,0,0,0,0,0,0,0
Jacky Montalier,,jackymontalier1,,0,1,0,0,0,0,0,0,0,0
Jacky Richard,Jacky Ricard,jackyrichard1,,0,1,0,0,0,0,0,0,0,0
Jean Claude Bordeaux,,jeanclaudebordeaux1,,0,1,0,0,0,0,0,0,0,0
Jean Claude Trijo,,jeanclaudetrijo1,,0,1,0,0,0,0,0,0,0,0
Jean Corne,,jeancorne1,https://www.cagematch.net/?id=2&nr=23182,1,1,0,0,0,0,0,0,0,0
Jerry Brown,"Gerald Brown, Alabama Chain Gang I, Big C #2",jerrybrown1,https://www.cagematch.net/?id=2&nr=8003,1,1,0,0,0,0,0,0,0,0
Jerry Bryant,,jerrybryant1,https://www.cagematch.net/?id=2&nr=10233,1,1,0,0,0,0,0,0,0,0
Jerry Valiant,"Larry Valiant, Guy Mitchell, Mad Man Mitchell, Jerry Heenan, Guy Heenan, Masked Avenger, Mr. X, Stomper, Strangler, Masked Strangler, Destroyer, John Hill, Guy Hill, Assassin #1, Masked Assassin, Chicago Assassin, Red Devil",jerryvaliant1,https://www.cagematch.net/?id=2&nr=2605,1,1,0,0,0,0,0,0,0,0
Jesse Barr,Jimmy Jack Funk,jessebarr1,https://www.cagematch.net/?id=2&nr=174,1,1,0,0,0,0,0,0,0,0
Jesse Ventura,,jesseventura1,https://www.cagematch.net/?id=2&nr=53,1,1,0,0,0,0,0,0,0,0
Jim Moser,,jimmoser1,,0,1,0,0,0,0,0,0,0,0
Jimmy Dula,"Jimmy Dara, Jimmy Douglas, Black Dula",jimmydula1,https://www.cagematch.net/?id=2&nr=17335,1,1,0,0,0,0,0,0,0,0
Jimmy Hart,,jimmyhart1,https://www.cagematch.net/?id=2&nr=418,1,1,0,0,0,0,0,0,0,0
Jo Marsalo,,jomarsalo1,,0,1,0,0,0,0,0,0,0,0
Joe Lightfoot,,joelightfoot1,https://www.cagematch.net/?id=2&nr=16619,1,1,0,0,0,0,0,0,0,0
Joey Cagle,"Joey Cagle, Steve Dupree",joeycagle1,https://www.cagematch.net/?id=2&nr=8055,1,1,0,0,0,0,0,0,0,0
John Elijah,,johnelijah1,,0,1,0,0,0,0,0,0,0,0
John Tolos,,johntolos1,https://www.cagematch.net/?id=2&nr=1305,1,1,0,0,0,0,0,0,0,0
John Wilkie,,johnwilkie1,,0,1,0,0,0,0,0,0,0,0
Johnny England,,johnnyengland1,,0,1,0,0,0,0,0,0,0,0
Johnny Kidd,,johnnykidd1,https://www.cagematch.net/?id=2&nr=1119,1,1,0,0,0,0,0,0,0,0
Johnny Mantell,,johnnymantell1,https://www.cagematch.net/?id=2&nr=5884,1,1,0,0,0,0,0,0,0,0
Johnny Powers,Lord Anthony Landsdown,johnnypowers1,https://www.cagematch.net/?id=2&nr=9320,1,1,0,0,0,0,0,0,0,0
Johnny Rich,"Intern, Roy Rogers",johnnyrich1,https://www.cagematch.net/?id=2&nr=2055,1,1,0,0,0,0,0,0,0,0
Johnny South,"British LOD, Legend Of Doom, Destroyer",johnnysouth1,https://www.cagematch.net/?id=2&nr=3105,1,1,0,0,0,0,0,0,0,0
Johnny Valentine,"Rocky Valentine, Jimmy Valentine, Big O",johnnyvalentine1,https://www.cagematch.net/?id=2&nr=1564,1,1,0,0,0,0,0,0,0,0
Johnny Wilson,,johnnywilson1,,0,1,0,0,0,0,0,0,0,0
Jonathan Boyd,,jonathanboyd1,https://www.cagematch.net/?id=2&nr=1461,1,1,0,0,0,0,0,0,0,0
Jos Leduc,"Joe LeDuc, Canadian Lumberjack",josleduc1,https://www.cagematch.net/?id=2&nr=2926,1,1,0,0,0,0,0,0,0,0
Jose Lothario,"El Gran Lothario, El Gran Lotario, Lotario, Great Lotario, Great Lothario, Texas Ranger, Joe Garcia",joselothario1,https://www.cagematch.net/?id=2&nr=1290,1,1,0,0,0,0,0,0,0,0
Jose Torres,"Galeno, Masacre, Super Maquina, El Invencible",josetorres1,https://www.cagematch.net/?id=2&nr=14990,1,1,0,0,0,0,0,0,0,0
Jumbo Hori,Ayumi Hori,jumbohori1,https://www.cagematch.net/?id=2&nr=2503,1,1,0,0,0,0,0,0,0,0
Junkyard Dog,"Big Daddy Ritter, Leroy Rochester, Stagger Lee, Sylvester Ritter",junkyarddog1,https://www.cagematch.net/?id=2&nr=466,1,1,0,0,0,0,0,0,0,0
Katsuzo Matsumoto,"Katsuzo Oiyama, Katsuzo Ooiyama",katsuzomatsumoto1,https://www.cagematch.net/?id=2&nr=21888,1,1,0,0,0,0,0,0,0,0
Kazue Sakamoto,,kazuesakamoto1,,0,1,0,0,0,0,0,0,0,0
Keith Hart,,keithhart1,https://www.cagematch.net/?id=2&nr=334,1,1,0,0,0,0,0,0,0,0
Ken Joyce,,kenjoyce1,https://www.cagematch.net/?id=2&nr=25404,1,1,0,0,0,0,0,0,0,0
Kendo Nagasaki,Mr. Sakurada,kendonagasaki1,https://www.cagematch.net/?id=2&nr=1120,1,1,0,0,0,0,0,0,0,0
Kerry von Erich,,kerryvonerich1,https://www.cagematch.net/?id=2&nr=1039,1,1,0,0,0,0,0,0,0,0
Kevin von Erich,,kevinvonerich1,https://www.cagematch.net/?id=2&nr=660,1,1,0,0,0,0,0,0,0,0
Killer Brooks,"Tim Brooks, Luke Mulligan, Bounty Hunter, Buster Brody, Killer Tim Brooks",killerbrooks1,https://www.cagematch.net/?id=2&nr=1286,1,1,0,0,0,0,0,0,0,0
Killer Karl Krupp,"Karl Krupp, Karl von Krupp, Baron von Krupp, George Momberg, Dutch Momberg, Mad Dog Momberg, Ichiban #1",killerkarlkrupp1,https://www.cagematch.net/?id=2&nr=3242,1,1,0,0,0,0,0,0,0,0
Killer Khan,"Temojin El Mongol, Masashi Ozawa",killerkhan1,https://www.cagematch.net/?id=2&nr=1308,1,1,0,0,0,0,0,0,0,0
Kim Sung Ho,"Kim Sung, Kim Song",kimsungho1,https://www.cagematch.net/?id=2&nr=3089,1,1,0,0,0,0,0,0,0,0
Kintaro Oki,"Kintaro Kongo, Kim Ill, Tetsuro Sato",kintarooki1,https://www.cagematch.net/?id=2&nr=4199,1,1,0,0,0,0,0,0,0,0
Kiyomigawa,"Umeyuki Kiyomigawa, Umenosuke Kiyomigawa, Togo Shikuma, Togo Tani, Umenosuke Ohashi",kiyomigawa1,https://www.cagematch.net/?id=2&nr=21478,1,1,0,0,0,0,0,0,0,0
Koko B. Ware,"Koko Ware, Stagger Lee, Sweet Brown Sugar",kokobware1,https://www.cagematch.net/?id=2&nr=57,1,1,0,0,0,0,0,0,0,0
Kotetsu Yamamoto,"Yamamoto, Oki Yamaha",kotetsuyamamoto1,https://www.cagematch.net/?id=2&nr=7447,1,1,0,0,0,0,0,0,0,0
L'Homme Masque,,lhommemasque1,,0,1,0,0,0,0,0,0,0,0
La Bete Humaine,William Shepherd,labetehumaine1,,0,1,0,0,0,0,0,0,0,0
La Briosa,,labriosa1,https://www.cagematch.net/?id=2&nr=7719,1,1,0,0,0,0,0,0,0,0
La Bruja,,labruja1,https://www.cagematch.net/?id=2&nr=10570,1,1,0,0,0,0,0,0,0,0
Larry Coulton,"Black Jack Mulligan, Laurie Coulton",larrycoulton1,,0,1,0,0,0,0,0,0,0,0
Le Grand Vladimir,"Grand Vladimir, Vladimir, Taras Bulba, Sergei Kalmikoff, Van Mullem, Hektor van Mullem, Hektor van Mullen",legrandvladimir1,https://www.cagematch.net/?id=2&nr=6890,1,1,0,0,0,0,0,0,0,0
Le Hippie du Ring,,lehippieduring1,,0,1,0,0,0,0,0,0,0,0
Lee Bronson,,leebronson1,,0,1,0,0,0,0,0,0,0,0
Lee Sharron,,leesharron1,https://www.wrestlingdata.com/index.php?befehl=bios&wrestler=11193,1,1,0,0,0,0,0,0,0,0
Leilani Kai,,leilanikai1,https://www.cagematch.net/?id=2&nr=1092,1,1,0,0,0,0,0,0,0,0
Len Denton,,lendenton1,https://www.cagematch.net/?id=2&nr=2558,1,1,0,0,0,0,0,0,0,0
Len Hurst,,lenhurst1,https://www.cagematch.net/?id=2&nr=6919,1,1,0,0,0,0,0,0,0,0
Leon Arras,,leonarras1,https://www.cagematch.net/?id=2&nr=25439,1,1,0,0,0,0,0,0,0,0
Les Thornton,"Henri Pierlot, Professional",lesthornton1,https://www.cagematch.net/?id=2&nr=4182,1,1,0,0,0,0,0,0,0,0
Lioness Asuka,Tomoko Kitamura,lionessasuka1,https://www.cagematch.net/?id=2&nr=1751,1,1,0,0,0,0,0,0,0,0
Little Prince,,littleprince1,,0,1,0,0,0,0,0,0,0,0
Little Tokyo,,littletokyo1,https://www.cagematch.net/?id=2&nr=1282,1,1,0,0,0,0,0,0,0,0
Lone Eagle,,loneeagle1,https://www.cagematch.net/?id=2&nr=19715,1,1,0,0,0,0,0,0,0,0
Lord Alfred Hayes,,lordalfredhayes1,https://www.cagematch.net/?id=2&nr=831,1,1,0,0,0,0,0,0,0,0
Lord Steven Casey,"Steve Casey, Steven Casey, Steve McHoy",lordstevencasey1,https://www.cagematch.net/?id=2&nr=2917,1,1,0,0,0,0,0,0,0,0
Lou Albano,"Captain Lou Albano, Louis Albano",loualbano1,https://www.cagematch.net/?id=2&nr=1075,1,1,0,0,0,0,0,0,0,0
Lucky Gordon,,luckygordon1,,0,1,0,0,0,0,0,0,0,0
M'boba Les Congolais,,mbobalescongolais1,,0,1,0,0,0,0,0,0,0,0
Mach Hayato,,machhayato1,https://www.cagematch.net/?id=2&nr=9971,1,1,0,0,0,0,0,0,0,0
Mad Dog Vachon,,maddogvachon1,https://www.cagematch.net/?id=2&nr=1950,1,1,0,0,0,0,0,0,0,0
Malcolm Kirk,King Kong Kirk,malcolmkirk1,https://www.cagematch.net/?id=2&nr=1400,1,1,0,0,0,0,0,0,0,0
Mammoth Siki,Cesar Viltard,mammothsiki1,https://www.cagematch.net/?id=2&nr=11884,1,1,0,0,0,0,0,0,0,0
Mando Guerrero,,mandoguerrero1,https://www.cagematch.net/?id=2&nr=1895,1,1,0,0,0,0,0,0,0,0
Manny Fernandez,,mannyfernandez1,https://www.cagematch.net/?id=2&nr=2423,1,1,0,0,0,0,0,0,0,0
Mark Lewin,,marklewin1,https://www.cagematch.net/?id=2&nr=1555,1,1,0,0,0,0,0,0,0,0
Masambula,,masambula1,https://www.cagematch.net/?id=2&nr=22828,1,1,0,0,0,0,0,0,0,0
Masanobu Fuchi,"Masa Fuchi, Mr. Fuchi, AKAONI",masanobufuchi1,https://www.cagematch.net/?id=2&nr=350,1,1,0,0,0,0,0,0,0,0
Matt Borne,"Big Josh, Doink, Doink The Clown, Boink The Clown, Borne Again, Reborne Again, Great Mustapha, Sgt. Kruger",mattborne1,https://www.cagematch.net/?id=2&nr=957,1,1,0,0,0,0,0,0,0,0
Maurice Dumez,,mauricedumez1,,0,1,0,0,0,0,0,0,0,0
Mel Stuart,,melstuart1,https://www.cagematch.net/?id=2&nr=6101,1,1,0,0,0,0,0,0,0,0
Michael Hayes,,michaelhayes1,https://www.cagematch.net/?id=2&nr=720,1,1,0,0,0,0,0,0,0,0
Michel Falempin,,michelfalempin1,https://www.wrestlingdata.com/index.php?befehl=bios&wrestler=11440,1,1,0,0,0,0,0,0,0,0
Michiaki Yoshimura,Yoshimura,michiakiyoshimura1,https://www.cagematch.net/?id=2&nr=3118,1,1,0,0,0,0,0,0,0,0
Mick McManus,,mickmcmanus1,https://www.cagematch.net/?id=2&nr=1443,1,1,0,0,0,0,0,0,0,0
Mike George,Champion,mikegeorge1,https://www.cagematch.net/?id=2&nr=1483,1,1,0,0,0,0,0,0,0,0
Mike Masters,"Mike Jones, Rocky Jones",mikemasters1,https://www.cagematch.net/?id=2&nr=9208,1,1,0,0,0,0,0,0,0,0
Mike Popovich,,mikepopovich1,https://www.cagematch.net/?id=2&nr=12787,1,1,0,0,0,0,0,0,0,0
Missing Link,"Dewey Robertson, Crusader #2, Crusader, Troy Steel",missinglink1,https://www.cagematch.net/?id=2&nr=1946,1,1,0,0,0,0,0,0,0,0
Mitsu Hirai,"Mitsuaki Hirai, Shintaro Fuji",mitsuhirai1,https://www.cagematch.net/?id=2&nr=13477,1,1,0,0,0,0,0,0,0,0
Mo Jabari,Kid Chocolate,mojabari1,https://www.cagematch.net/?id=2&nr=24382,1,1,0,0,0,0,0,0,0,0
Modesto Aledo,Kamikaze,modestoaledo1,https://www.cagematch.net/?id=2&nr=22684,1,1,0,0,0,0,0,0,0,0
Moondog Rex,,moondogrex1,https://www.cagematch.net/?id=2&nr=544,1,1,0,0,0,0,0,0,0,0
Moondog Spot,"Larry Latham, Larry Booker, Canibal I",moondogspot1,https://www.cagematch.net/?id=2&nr=1238,1,1,0,0,0,0,0,0,0,0
Mota Dos Santos,,motadossantos1,,0,1,0,0,0,0,0,0,0,0
Mr Hito,,mrhito1,https://www.cagematch.net/?id=2&nr=1206,1,1,0,0,0,0,0,0,0,0
Mr. Wrestling II,"Mr. Wrestling, Gentleman Johnnie, Grappler, Johnny Walker, Jack Walker, Mystery Man",mrwrestling2,https://www.cagematch.net/?id=2&nr=532,1,1,0,0,0,0,0,0,0,0
Nikolai Volkoff,"Nicoli Volkoff, Beppo, Beppo Mongol, Boris Breznikoff, Super Destroyer, Joe Croatian, Big O, Joe Peruzovic",nikolaivolkoff1,https://www.cagematch.net/?id=2&nr=1097,1,1,0,0,0,0,0,0,0,0
Noriko Kawakami,,norikokawakami1,,0,1,0,0,0,0,0,0,0,0
Noriyo Tateno,,noriyotateno1,https://www.cagematch.net/?id=2&nr=2348,1,1,0,0,0,0,0,0,0,0
Norman Frederick Charles III,"Norman Charles, Norman Frederick Charles, Maurice La Rue, Murphy The Magnificent, Murphy The Surfie, Red Berry",normanfrederickcharles3,https://www.cagematch.net/?id=2&nr=1264,1,1,0,0,0,0,0,0,0,0
Ole Anderson,,oleanderson1,https://www.cagematch.net/?id=2&nr=237,1,1,0,0,0,0,0,0,0,0
Osamu Kido,,osamukido1,https://www.cagematch.net/?id=2&nr=270,1,1,0,0,0,0,0,0,0,0
Ox Baker,,oxbaker1,https://www.cagematch.net/?id=2&nr=1441,1,1,0,0,0,0,0,0,0,0
Paco Ramirez,"Francisco Ramirez, Lawrence de Arabia, Paco Pardinez, Paco Pardines",pacoramirez1,https://www.cagematch.net/?id=2&nr=10162,1,1,0,0,0,0,0,0,0,0
Pantera Surena,"La Galactica, La Galactica 2000, Lady Discovery, Lady Metal",panterasurena1,https://www.cagematch.net/?id=2&nr=4574,1,1,0,0,0,0,0,0,0,0
Pat O'Connor,,patoconnor1,https://www.cagematch.net/?id=2&nr=1945,1,1,0,0,0,0,0,0,0,0
Pat Patton,,patpatton1,https://www.wrestlingdata.com/index.php?befehl=bios&wrestler=15177,1,1,0,0,0,0,0,0,0,0
Paul Boesch,,paulboesch1,https://www.cagematch.net/?id=2&nr=3141,1,1,0,0,0,0,0,0,0,0
Paul Ellering,,paulellering1,https://www.cagematch.net/?id=2&nr=725,1,1,0,0,0,0,0,0,0,0
Paul Orndorff,,paulorndorff1,https://www.cagematch.net/?id=2&nr=459,1,1,0,0,0,0,0,0,0,0
Pedro Cabrera,,pedrocabrera1,,0,1,0,0,0,0,0,0,0,0
Peggy Lee Leather,"Peggy Lee, Peggy Lee Pringle, Lady X, Thug, Amazon Queen",peggyleeleather1,https://www.cagematch.net/?id=2&nr=4401,1,1,0,0,0,0,0,0,0,0
Perro Aguayo,,perroaguayo1,https://www.cagematch.net/?id=2&nr=5,1,1,0,0,0,0,0,0,0,0
Peter Kaiser,Peter Kayser,peterkaiser1,https://www.cagematch.net/?id=2&nr=19824,1,1,0,0,0,0,0,0,0,0
Peter Stewart,Iron Duke,peterstewart1,https://www.cagematch.net/?id=2&nr=25653,1,1,0,0,0,0,0,0,0,0
Peter Wilson,,peterwilson1,,0,1,0,0,0,0,0,0,0,0
Pierre Bernaert,,pierrebernaert1,https://www.cagematch.net/?id=2&nr=21341,1,1,0,0,0,0,0,0,0,0
Pierre Payen,,pierrepayen1,,0,1,0,0,0,0,0,0,0,0
Randy Rose,"Randy Alls, Super Pro",randyrose1,https://www.cagematch.net/?id=2&nr=3939,1,1,0,0,0,0,0,0,0,0
Randy Savage,"Randy Poffo, Destroyer, Executioner, Mr. Madness, Spider",randysavage1,https://www.cagematch.net/?id=2&nr=640,1,1,0,0,0,0,0,0,0,0
Ray Candy,"Candy Man, Kareem Muhammad, Blackstud Williams, Commando Ray, Masked Superfly, Superfly, Super Mario Man",raycandy1,https://www.cagematch.net/?id=2&nr=3371,1,1,0,0,0,0,0,0,0,0
Ray Steele,Teddy Steele,raysteele1,https://www.cagematch.net/?id=2&nr=12240,1,1,0,0,0,0,0,0,0,0
Ray Stevens,Ray Shire,raystevens1,https://www.cagematch.net/?id=2&nr=1507,1,1,0,0,0,0,0,0,0,0
Red Osbourne,"Jim Osborne, Jim Osborn, Dr. X Jim Osborne, Dr. X, Double X",redosbourne1,https://www.cagematch.net/?id=2&nr=17512,1,1,0,0,0,0,0,0,0,0
Reggie Parks,Avenger,reggieparks1,https://www.cagematch.net/?id=2&nr=6311,1,1,0,0,0,0,0,0,0,0
Rene Ben Chemoul,,renebenchemoul1,https://www.cagematch.net/?id=2&nr=21189,1,1,0,0,0,0,0,0,0,0
Rene El Arz,"Les Libanes, Josef El Arz",reneelarz1,,0,1,0,0,0,0,0,0,0,0
Rene Goulet,"Buddy Rogers Jr., Jacques Goulet, Sgt. Jacques Goulet, Bob Bedard",renegoulet1,https://www.cagematch.net/?id=2&nr=326,1,1,0,0,0,0,0,0,0,0
Rene Lasartesse,"Ludvig van Krupp, Jack Lasar, Jack de Lasartesse",renelasartesse1,https://www.cagematch.net/?id=2&nr=2206,1,1,0,0,0,0,0,0,0,0
Reyna Gallegos,,reynagallegos1,https://www.cagematch.net/?id=2&nr=16184,1,1,0,0,0,0,0,0,0,0
Ricardo Torres,,ricardotorres1,,0,1,0,0,0,0,0,0,0,0
Rick McGraw,,rickmcgraw1,https://www.cagematch.net/?id=2&nr=3323,1,1,0,0,0,0,0,0,0,0
Ricky Gibson,"Rick Gibson, Matt Gibson, Ricky Lee Jones",rickygibson1,https://www.cagematch.net/?id=2&nr=1560,1,1,0,0,0,0,0,0,0,0
Ricky Morton,"Richard Morton, Rick Morton",rickymorton1,https://www.cagematch.net/?id=2&nr=752,1,1,0,0,0,0,0,0,0,0
Riki Choshu,,rikichoshu1,https://www.cagematch.net/?id=2&nr=978,1,1,0,0,0,0,0,0,0,0
Ringo Rigby,,ringorigby1,https://www.cagematch.net/?id=2&nr=14571,1,1,0,0,0,0,0,0,0,0
Rip Oliver,,ripoliver1,https://www.cagematch.net/?id=2&nr=1262,1,1,0,0,0,0,0,0,0,0
Rip Rogers,,riprogers1,https://www.cagematch.net/?id=2&nr=185,1,1,0,0,0,0,0,0,0,0
Robert Gibson,"Reuben Gibson, Robert Fuller Jr., Ruben Gold, Ruben Goldstein",robertgibson1,https://www.cagematch.net/?id=2&nr=703,1,1,0,0,0,0,0,0,0,0
Rocky Brewer,,rockybrewer1,https://www.cagematch.net/?id=2&nr=15649,1,1,0,0,0,0,0,0,0,0
Rocky Hata,,rockyhata1,https://www.cagematch.net/?id=2&nr=5618,1,1,0,0,0,0,0,0,0,0
Rocky Johnson,"Drew Glasteau, Sweet Ebony Diamond",rockyjohnson1,https://www.cagematch.net/?id=2&nr=746,1,1,0,0,0,0,0,0,0,0
Rocky Sortar,,rockysortar1,https://www.cagematch.net/?id=2&nr=8056,1,1,0,0,0,0,0,0,0,0
Rocky Tomayo,"Tomayo Soto, Tamayo Sato, Tamayo Soto, Inca Peru, Inca Peruano, Joe Soto, Super Assailant II, Blue Demon II, Super Assassin #2, Blue Devil",rockytomayo1,https://www.cagematch.net/?id=2&nr=9239,1,1,0,0,0,0,0,0,0,0
Roland Bock,,rolandbock1,https://www.cagematch.net/?id=2&nr=49,1,1,0,0,0,0,0,0,0,0
Romany Riley,Bas Riley,romanyriley1,,0,1,0,0,0,0,0,0,0,0
Ron Bass,,ronbass1,https://www.cagematch.net/?id=2&nr=1031,1,1,0,0,0,0,0,0,0,0
Ronnie Garvin,"Ron Garvin, Miss Atlanta Lively, Mr. Knoxville, Mr. Fort Myers, Mr. Eau Gallie, Ron Barnes, Ron Dobec",ronniegarvin1,https://www.cagematch.net/?id=2&nr=1017,1,1,0,0,0,0,0,0,0,0
Roy St. Clair,,roystclair1,https://www.cagematch.net/?id=2&nr=25730,1,1,0,0,0,0,0,0,0,0
Rusher Kimura,"Crusher Kimura, Masao Kimura, Great Kimura, Mr. Sun, Mr. Toyo, Professor Kimura",rusherkimura1,https://www.cagematch.net/?id=2&nr=2625,1,1,0,0,0,0,0,0,0,0
Ryuma Go,"Mr. Zinn, Ninja Go, Mister Go, Super Ninja, Hiroshi Yagi, Dr. Yagi",ryumago1,https://www.cagematch.net/?id=2&nr=4090,1,1,0,0,0,0,0,0,0,0
Sandy Parker,Princess Mohawk,sandyparker1,https://www.cagematch.net/?id=2&nr=15141,1,1,0,0,0,0,0,0,0,0
Sangre Chicana,,sangrechicana1,https://www.cagematch.net/?id=2&nr=2489,1,1,0,0,0,0,0,0,0,0
Scorpio,Quasimodo,scorpio1,https://www.cagematch.net/?id=2&nr=8354,1,1,0,0,0,0,0,0,0,0
Scott Casey,,scottcasey1,https://www.cagematch.net/?id=2&nr=2569,1,1,0,0,0,0,0,0,0,0
Scott Irwin,Asteroid,scottirwin1,https://www.cagematch.net/?id=2&nr=1574,1,1,0,0,0,0,0,0,0,0
Seika Hanawa,,seikahanawa1,,0,1,0,0,0,0,0,0,0,0
Sergio El Hermoso,El Sergio,sergioelhermoso1,https://www.cagematch.net/?id=2&nr=9836,1,1,0,0,0,0,0,0,0,0
Sharky Ward,,sharkyward1,,0,1,0,0,0,0,0,0,0,0
Sheik,"Original Sheik, Sheik Of Araby",sheik1,https://www.cagematch.net/?id=2&nr=943,1,1,0,0,0,0,0,0,0,0
Sicodelico,,sicodelico1,https://www.cagematch.net/?id=2&nr=2260,1,1,0,0,0,0,0,0,0,0
Sid Cooper,"Syd Cooper, Norman Cooper",sidcooper1,https://www.cagematch.net/?id=2&nr=2646,1,1,0,0,0,0,0,0,0,0
Sika,,sika1,https://www.cagematch.net/?id=2&nr=2109,1,1,0,0,0,0,0,0,0,0
Smith Hart,,smithhart1,https://www.cagematch.net/?id=2&nr=1991,1,1,0,0,0,0,0,0,0,0
Solar,"Solar I, El Mariachi, Black Shadow II",solar1,https://www.cagematch.net/?id=2&nr=2897,1,1,0,0,0,0,0,0,0,0
Sonny King,,sonnyking1,https://www.cagematch.net/?id=2&nr=4210,1,1,0,0,0,0,0,0,0,0
Spike Huber,,spikehuber1,https://www.cagematch.net/?id=2&nr=2531,1,1,0,0,0,0,0,0,0,0
Spiros Arion,"Golden Greek, Andres Labrakis, Arion Manousakis",spirosarion1,https://www.cagematch.net/?id=2&nr=1969,1,1,0,0,0,0,0,0,0,0
Stan Stasiak,"Crusher Stasiak, Emile Koverly",stanstasiak1,https://www.cagematch.net/?id=2&nr=623,1,1,0,0,0,0,0,0,0,0
Steve O,"Steve Olsonoski, Super Ninja Go, Super Ninja, Mark Hanna",steveo1,https://www.cagematch.net/?id=2&nr=7316,1,1,0,0,0,0,0,0,0,0
Steve Pardee,,stevepardee1,https://www.cagematch.net/?id=2&nr=10363,1,1,0,0,0,0,0,0,0,0
Steve Peacock,,stevepeacock1,,0,1,0,0,0,0,0,0,0,0
Steve Regal,,steveregal1,https://www.cagematch.net/?id=2&nr=3968,1,1,0,0,0,0,0,0,0,0
Superstar Billy Graham,,superstarbillygraham1,https://www.cagematch.net/?id=2&nr=612,1,1,0,0,0,0,0,0,0,0
Taras Bulba,Juan Reynosa,tarasbulba1,https://www.cagematch.net/?id=2&nr=17220,1,1,0,0,0,0,0,0,0,0
Ted DiBiase,Teddy Wills,teddibiase1,https://www.cagematch.net/?id=2&nr=1034,1,1,0,0,0,0,0,0,0,0
Ted Lamarre,Ted Lamare,tedlamarre1,,0,1,0,0,0,0,0,0,0,0
Terry Gordy,"Executioner, Terry Mecca",terrygordy1,https://www.cagematch.net/?id=2&nr=539,1,1,0,0,0,0,0,0,0,0
Terry Latham,"Terry Lathan, Liberator",terrylatham1,https://www.cagematch.net/?id=2&nr=18108,1,1,0,0,0,0,0,0,0,0
Terry Taylor,,terrytaylor1,https://www.cagematch.net/?id=2&nr=1058,1,1,0,0,0,0,0,0,0,0
The Crusher,,thecrusher1,https://www.cagematch.net/?id=2&nr=1138,1,1,0,0,0,0,0,0,0,0
The Spoiler,,thespoiler1,https://www.cagematch.net/?id=2&nr=1243,1,1,0,0,0,0,0,0,0,0
Tiger Conway Jr.,,tigerconwayjr1,https://www.cagematch.net/?id=2&nr=5011,1,1,0,0,0,0,0,0,0,0
Tiger Jeet Singh,Tigre Jeet Singh,tigerjeetsingh1,https://www.cagematch.net/?id=2&nr=2341,1,1,0,0,0,0,0,0,0,0
Tito Santana,"Tino Santana, El Matador, Richard Blood, Dick Blood, Merced Solis",titosantana1,https://www.cagematch.net/?id=2&nr=93,1,1,0,0,0,0,0,0,0,0
Tojo Yamamoto,"PY Chung, TY Chung, PY Chong",tojoyamamoto1,https://www.cagematch.net/?id=2&nr=2947,1,1,0,0,0,0,0,0,0,0
Tom Jones,"Bearcat Jones, Mr. Ebony, Gladiator, Red Shadow, Black Olympia",tomjones1,https://www.cagematch.net/?id=2&nr=2073,1,1,0,0,0,0,0,0,0,0
Tom Tyrone,"Paul Harris, Nigel Towers",tomtyrone1,https://www.cagematch.net/?id=2&nr=14199,1,1,0,0,0,0,0,0,0,0
Tomi Aoyama,,tomiaoyama1,https://www.cagematch.net/?id=2&nr=22485,1,1,0,0,0,0,0,0,0,0
Tommy Lorne,,tommylorne1,,0,1,0,0,0,0,0,0,0,0
Tony Atlas,"Black Atlas, Saba Simba, Black Scorpion",tonyatlas1,https://www.cagematch.net/?id=2&nr=1083,1,1,0,0,0,0,0,0,0,0
Tony Borne,"Tony Boin, Tony Borrin, Ivan Bornov",tonyborne1,https://www.cagematch.net/?id=2&nr=5967,1,1,0,0,0,0,0,0,0,0
Tony Boyles,,tonyboyles1,,0,1,0,0,0,0,0,0,0,0
Tony Costas,,tonycostas1,https://www.cagematch.net/en?id=2&nr=25899,1,1,0,0,0,0,0,0,0,0
Tony Rocco,,tonyrocco1,https://www.cagematch.net/?id=2&nr=11498,1,1,0,0,0,0,0,0,0,0
Tony St. Clair,,tonystclair1,https://www.cagematch.net/?id=2&nr=1326,1,1,0,0,0,0,0,0,0,0
Tony Walsh,,tonywalsh1,,0,1,0,0,0,0,0,0,0,0
Tor Kamata,,torkamata1,https://www.cagematch.net/?id=2&nr=1423,1,1,0,0,0,0,0,0,0,0
Umanosuke Ueda,"Hiroshi Ueda, Professor Ito, Mr. Ito, Mr. Eito",umanosukeueda1,https://www.cagematch.net/?id=2&nr=4749,1,1,0,0,0,0,0,0,0,0
Vassilios Mantopoulos,"Vasilios Mantopolous, Vassilios Mantopolous, Vasilios Mantopoulos",vassiliosmantopoulos1,https://www.wrestlingdata.com/index.php?befehl=bios&wrestler=14730,1,1,0,0,0,0,0,0,0,0
Victor Rivera,"Vic Rivera, Rico Pantera",victorrivera1,https://www.cagematch.net/?id=2&nr=1565,1,1,0,0,0,0,0,0,0,0
Victoria Fujimi,,victoriafujimi1,https://www.cagematch.net/?id=2&nr=10185,1,1,0,0,0,0,0,0,0,0
Villano III,"Bufalo Salvaje, Mancha Roja, Pulpo Blanco, Ray Rosas, Rokambole",villano3,https://www.cagematch.net/?id=2&nr=1413,1,1,0,0,0,0,0,0,0,0
Wayne Bridges,,waynebridges1,https://www.cagematch.net/?id=2&nr=10101,1,1,0,0,0,0,0,0,0,0
Yoshiaki Fujiwara,,yoshiakifujiwara1,https://www.cagematch.net/?id=2&nr=1223,1,1,0,0,0,0,0,0,0,0
Yukiko Kawagami,,yukikokawagami1,,0,1,0,0,0,0,0,0,0,0
Yvonne Jennings,,yvonnejennings1,,0,1,0,0,0,0,0,0,0,0
Steve Best,Roger Adams,stevebest1,,0,1,0,0,0,0,0,0,0,0
Abdul Khan,,abdulkhan1,,0,1,0,0,0,0,0,0,0,0
Alan Miquet,Al Miquet,alanmiquet1,https://www.cagematch.net/?id=2&nr=23982,1,1,0,0,0,0,0,0,0,0
Baron von Raschke,"Baron, Fritz von Raschke, Von Raschke, Jim Raschke",baronvonraschke1,https://www.cagematch.net/?id=2&nr=262,1,1,0,0,0,0,0,0,0,0
Colin Joynson,Colin Johnson,colinjoynson1,https://www.cagematch.net/?id=2&nr=10172,1,1,0,0,0,0,0,0,0,0
Dane Curtis,,danecurtis1,,0,1,0,0,0,0,0,0,0,0
Dave Barrie,,davebarrie1,,0,1,0,0,0,0,0,0,0,0
Don Leo Jonathan,"El Diablo, El Loco, Mighty Loco",donleojonathan1,https://www.cagematch.net/?id=2&nr=499,1,1,0,0,0,0,0,0,0,0
Franz van Buyten,"Jan van Buyten, Ivan Buyten, Captain Davies",franzvanbuyten1,https://www.cagematch.net/?id=2&nr=2295,1,1,0,0,0,0,0,0,0,0
Grelha la Portugais,,grelhalaportugais1,,0,1,0,0,0,0,0,0,0,0
Jack Fallon,"Billy Chambers, The Destroyer",jackfallon1,https://www.wrestlingdata.com/index.php?befehl=bios&wrestler=11038,1,1,0,0,0,0,0,0,0,0
Johnny Czeslaw,,johnnyczeslaw1,https://www.cagematch.net/?id=2&nr=22860,1,1,0,0,0,0,0,0,0,0
Johnny Kincaid,,johnnykincaid1,https://www.cagematch.net/?id=2&nr=3877,1,1,0,0,0,0,0,0,0,0
Juan Sebastian,"Igor, El Gaucho, Gaucho #1, Dos Medico, Juan Hernandez, Rugged Russian, Rugged Russian A, Masked Russian, Juan Onaindia",juansebastian1,https://www.cagematch.net/?id=2&nr=8125,1,1,0,0,0,0,0,0,0,0
Karl Gotch,"Karl Krauser, Karel Istaz, Pierre LeMarin, Pierre Lemarine",karlgotch1,https://www.cagematch.net/?id=2&nr=946,1,1,0,0,0,0,0,0,0,0
Le Samurai,,lesamurai1,,0,1,0,0,0,0,0,0,0,0
Marcel Montreal,"Monsieur Montreal, L’Ange Blanc III, Le Justicier, El Vangeros, Mr. Montreal",marcelmontreal1,,0,1,0,0,0,0,0,0,0,0
Pedro Godoy,"Ivan, El Toro, Doc Zocko, Masked Terror, Golden Terror, El Medico, Uno Medico, Medic #2, Rugged Russian B, Rugged Russian, Red Shadow, Red Menace, Red Raider",pedrogodoy1,https://www.cagematch.net/?id=2&nr=10131,1,1,0,0,0,0,0,0,0,0
Peter Rann,,peterrann1,https://www.cagematch.net/?id=2&nr=24033,1,1,0,0,0,0,0,0,0,0
Pierre Lagache,,pierrelagache1,,0,1,0,0,0,0,0,0,0,0
Reg Trood,,regtrood1,https://www.cagematch.net/en?id=2&nr=25687,1,1,0,0,0,0,0,0,0,0
Steve Haggetty,Steve Haggerty,stevehaggetty1,https://www.cagematch.net/?id=2&nr=25825,1,1,0,0,0,0,0,0,0,0
Steve Wright,,stevewright1,https://www.cagematch.net/?id=2&nr=3410,1,1,0,0,0,0,0,0,0,0
Thunder Sugiyama,"Koji Sugiyama, Tokyo Joe",thundersugiyama1,https://www.cagematch.net/?id=2&nr=3117,1,1,0,0,0,0,0,0,0,0
Tibor Szakacs,,tiborszakacs1,https://www.cagematch.net/?id=2&nr=21276,1,1,0,0,0,0,0,0,0,0
Tito Kopa,"Tito Kopac, Hassan Bey, Ricky Valenzuela, Judio Jacobo",titokopa1,https://www.cagematch.net/?id=2&nr=2997,1,1,0,0,0,0,0,0,0,0
Tony Charles,Checkmate,tonycharles1,https://www.cagematch.net/?id=2&nr=8626,1,1,0,0,0,0,0,0,0,0
Clayton Thomson,"Clay Thomson, Exorcist",claytonthomson1,https://www.cagematch.net/?id=2&nr=11847,1,1,0,0,0,0,0,0,0,0
Abdul Kader,"Abd El Kader, Abdul El Kader, Abdul Kader Hassouni, Ben Layaci, Kader Hassouni",abdulkader1,https://www.wrestlingdata.com/index.php?befehl=bios&wrestler=10419,1,1,0,0,0,0,0,0,0,0
Andre Roux,,andreroux1,,0,1,0,0,0,0,0,0,0,0
Anton Geesink,,antongeesink1,https://www.cagematch.net/?id=2&nr=4212,1,1,0,0,0,0,0,0,0,0
Bernard Caclard,,bernardcaclard1,,0,1,0,0,0,0,0,0,0,0
Bob Abbott,Bud Abbott,bobabbott1,,0,1,0,0,0,0,0,0,0,0
Chief Jay Strongbow,"Jay Strongbow, Joe Scarpa",chiefjaystrongbow1,https://www.cagematch.net/?id=2&nr=1136,1,1,0,0,0,0,0,0,0,0
Ciclon Negro,"Cyclone Negro, Lalo Rodriguez, Mr. Uganda, Punchy Pinero, Caripus Hurricane, Calypso Hurricane, Reyes Rodriguez, Cyclops, El Patriota",ciclonnegro1,https://www.cagematch.net/?id=2&nr=5106,1,1,0,0,0,0,0,0,0,0
Daniel Schmidt,Daniel Schmid,danielschmidt1,,0,1,0,0,0,0,0,0,0,0
El Alami,,elalami1,,0,1,0,0,0,0,0,0,0,0
Frank Malmoa,,frankmalmoa1,,0,1,0,0,0,0,0,0,0,0
Georges Cohen,,georgescohen1,,0,1,0,0,0,0,0,0,0,0
Gerard Bouvet,,gerardbouvet1,https://www.wrestlingdata.com/index.php?befehl=bios&wrestler=5984&bild=0,1,1,0,0,0,0,0,0,0,0
Guy Cavillier,,guycavillier1,,0,1,0,0,0,0,0,0,0,0
Janek Frisuk,Jean Fryziuk,janekfrisuk1,,0,1,0,0,0,0,0,0,0,0
John Naylor,,johnnaylor1,https://www.wrestlingdata.com/index.php?befehl=bios&wrestler=10246,1,1,0,0,0,0,0,0,0,0
Johnny Kwango,"Black Kwango, Bully Johnson",johnnykwango1,https://www.cagematch.net/?id=2&nr=22861,1,1,0,0,0,0,0,0,0,0
Kevin Conneely,Kevin Conneally,kevinconneely1,https://www.wrestlingdata.com/index.php?befehl=bios&wrestler=11971,1,1,0,0,0,0,0,0,0,0
Lou Thesz,"Don Louis Thesz, Lajos Tiza",louthesz1,https://www.cagematch.net/?id=2&nr=930,1,1,0,0,0,0,0,0,0,0
Mickey Doyle,"Piel Blanco, Mr. America, Mickey Boyette",mickeydoyle1,https://www.cagematch.net/?id=2&nr=2219,1,1,0,0,0,0,0,0,0,0
Robby Baron,Young Robby,robbybaron1,https://www.cagematch.net/en?id=2&nr=25715,1,1,0,0,0,0,0,0,0,0
Robert Duranton,"Bobby Duranton, Robert Of Paris, Magnificent Roberre",robertduranton1,https://www.cagematch.net/?id=2&nr=17011,1,1,0,0,0,0,0,0,0,0
Roger Delaporte,,rogerdelaporte1,https://www.cagematch.net/?id=2&nr=8790,1,1,0,0,0,0,0,0,0,0
Steve Logan,,stevelogan1,https://www.cagematch.net/?id=2&nr=28172,1,1,0,0,0,0,0,0,0,0
Toru Tanaka,"Prof. Toru Tanaka, Professor Tanaka, Charlie Kalani, Kalu Kalani, Prince Kalani, Mr. Akanat, Okiyama",torutanaka1,https://www.cagematch.net/?id=2&nr=1019,1,1,0,0,0,0,0,0,0,0
Eddie Capelli,Ed Capelli,eddiecapelli1,https://www.cagematch.net/?id=2&nr=25053,1,1,0,0,0,0,0,0,0,0
Aki Mojo,,akimojo1,,0,1,0,0,0,0,0,0,0,0
Amet Chong,Super Destroyer,ametchong1,https://www.cagematch.net/?id=2&nr=10123,1,1,0,0,0,0,0,0,0,0
Bill Watts,"Doctor Scarlett, Dr. Scarlet",billwatts1,https://www.cagematch.net/?id=2&nr=1303,1,1,0,0,0,0,0,0,0,0
Bruno Elrington,,brunoelrington1,https://www.cagematch.net/?id=2&nr=9006&gimmick=Bruno+Elrington,1,1,0,0,0,0,0,0,0,0
Butcher Vachon,"Butcher Of Paris, Paul Vachon, Butcher, Nikita Zolotoff, Nicolai Zolotoff, Oki Yama, Spoiler #2",butchervachon1,https://www.cagematch.net/?id=2&nr=1550,1,1,0,0,0,0,0,0,0,0
Dean Ho,"Dean Higuchi, Dean Kailani",deanho1,https://www.cagematch.net/?id=2&nr=2209,1,1,0,0,0,0,0,0,0,0
Gerard Taysse,,gerardtaysse1,,0,1,0,0,0,0,0,0,0,0
Ivan Penzekoff,Cedric Hathaway,ivanpenzekoff1,https://www.cagematch.net/?id=2&nr=25222,1,1,0,0,0,0,0,0,0,0
Jackie Fargo,"Wildman Fargo, Dick Bishop, Honey Boy Fargo",jackiefargo1,https://www.cagematch.net/?id=2&nr=4902,1,1,0,0,0,0,0,0,0,0
Jean Pierre Le Comte,,jeanpierrelecomte1,,0,1,0,0,0,0,0,0,0,0
John Kowalski,,johnkowalski1,,0,1,0,0,0,0,0,0,0,0
John Lapaque,,johnlapaque1,,0,1,0,0,0,0,0,0,0,0
Johnny Rodz,"Java Ruuk, Super Medico II, Super Medic II, Medic #2, Army Medic",johnnyrodz1,https://www.cagematch.net/?id=2&nr=1135,1,1,0,0,0,0,0,0,0,0
Johnny Yearsley,,johnnyyearsley1,https://www.cagematch.net/?id=2&nr=22844,1,1,0,0,0,0,0,0,0,0
Jon LaPaque,Jon Howard,jonlapaque1,,0,1,0,0,0,0,0,0,0,0
Ken Mantell,"Ken Lusk, Clay Spencer",kenmantell1,https://www.cagematch.net/?id=2&nr=2530,1,1,0,0,0,0,0,0,0,0
Killer Kowalski,"Tarzan Kowalski, Walter Kowalski, Wladek Kowalski, Eddie Kowalski, Executioner #1, John Kowalski, Super Masked Destroyer, Masked Destroyer",killerkowalski1,https://www.cagematch.net/?id=2&nr=198,1,1,0,0,0,0,0,0,0,0
Klondike Bill,"Kodiak Bear, Bill Soloweyko, Brute",klondikebill1,https://www.cagematch.net/?id=2&nr=3199,1,1,0,0,0,0,0,0,0,0
Magner Clement,"Magnier Clement, Fred Magnier",magnerclement1,https://www.cagematch.net/?id=2&nr=23911,1,1,0,0,0,0,0,0,0,0
Majid Ackra,,majidackra1,,0,1,0,0,0,0,0,0,0,0
Mike Marino,,mikemarino1,https://www.cagematch.net/?id=2&nr=12938,1,1,0,0,0,0,0,0,0,0
Otto von Heller,Mike Hall,ottovonheller1,https://www.cagematch.net/?id=2&nr=9972,1,1,0,0,0,0,0,0,0,0
Pete Curry,,petecurry1,,0,1,0,0,0,0,0,0,0,0
Brutus Malumba,"Big Brutus, Brutus, Great Malumba, Ormand Malumba, Big Malumba, Cam Zimba, Prince Kumali, Kumali",brutusmalumba1,https://www.cagematch.net/?id=2&nr=12154,1,1,0,0,0,0,0,0,0,0
Rajendra Singh,,rajendrasingh1,,0,1,0,0,0,0,0,0,0,0
Spencer Churchill,,spencerchurchill1,https://www.cagematch.net/?id=2&nr=25821,1,1,0,0,0,0,0,0,0,0
Terry Jowett,,terryjowett1,https://www.cagematch.net/?id=2&nr=25855,1,1,0,0,0,0,0,0,0,0